Id,y,x1,x2,x3,x4,x5,x6,x7,x8,x9,x10,x11,x12,x13,x14,x15
0,1,24.385442647713546,27.529824755227725,6.134744022988544,4.042685467529015,5.510237237413572,5.258416786209684,3.106504596949363,6.134744022988544,18.620148968694785,21.297391625028652,23.74295419031755,25.68171260023022,23.435270245684038,21.297391625028652,28.813256532039144
2,1,31.374884359312325,40.94209977784697,6.793716145264522,2.9387102457220395,6.870721666685054,2.4344408109719056,5.293323452659683,6.793716145264522,-3.104296066671437,21.473075587534048,13.821401372838684,26.743162097531247,22.631911905286938,21.473075587534048,26.71907253569549
5,1,32.850057687192475,21.847012514641282,4.92243363489565,4.499980997540044,4.952397778846319,5.824183222734817,4.304420386853432,4.92243363489565,24.890312083188732,7.018133019277075,32.26095784643205,26.630470642375332,30.91474947875053,7.018133019277075,31.526591841939737
7,1,32.54588544981799,32.25470663611136,5.683586609681629,3.9520258742791183,5.712300427860379,4.714825488689067,4.997114408154997,5.683586609681629,13.198781259995116,17.66035261260796,19.28643881643726,26.989079830339236,22.609038233817156,17.66035261260796,33.925661123187794
10,1,29.60695114835872,31.224577740903754,5.895695354578647,4.0212578043337635,6.139006047944252,4.602927730350157,4.726196052457068,5.895695354578647,12.156145562029462,18.186950090789374,23.252072504592153,31.521616782222416,23.372040555029137,18.186950090789374,18.7880058122318
15,1,30.932153337195956,32.64907402765071,5.354755443368297,4.314409473355533,5.539719145372475,5.137194876808887,4.353279478120221,5.354755443368297,17.35997307351449,21.673519339520123,16.853766137300063,19.327366723253988,24.29436481263685,21.673519339520123,31.79920137999072
18,1,33.845085712885435,29.096110622952995,5.19225534951164,4.42659878602777,6.321518879473571,4.8024320619036445,3.851945126863481,5.19225534951164,14.032555580403102,8.1836176783355,30.176606917031982,32.44483796270815,21.134301064548954,8.1836176783355,12.207267707135834
24,1,29.760721933293258,29.1019619532322,5.714765983554526,4.035490538258542,5.269250626774304,5.184859812964343,3.0075298391875154,5.714765983554526,17.85197315129566,20.164698371955904,20.384318322346594,27.157948746819265,24.53591112561334,20.164698371955904,23.87203622085623
29,1,33.4319076266571,25.285985349119095,5.245702735875093,4.266629173209858,5.424863884924248,5.312606298302835,4.5650747272834415,5.245702735875093,19.19298755196996,8.940147139601653,29.513298207710086,26.095138684515042,22.81499708496607,8.940147139601653,17.163915148016372
32,1,34.66275149987719,28.751383455799605,5.234844397529497,4.185756879532149,5.362014486311919,5.1686592948736,3.886462001273155,5.234844397529497,17.684240777686277,10.798234728409103,23.963373798395086,19.567284551961457,23.75437701781221,10.798234728409103,20.870055331013837
33,1,14.250295035266845,36.30993781486717,5.382169494017072,5.367675975417534,5.313148365644599,6.59773078921133,4.898545292035445,5.382169494017072,34.49925343811017,20.444440896950468,12.853985429340256,24.356259332759592,26.22207794611534,20.444440896950468,26.325011097377825
34,1,20.965079308838877,41.88870188881849,4.773965991400769,5.52110062382174,6.107797959605736,6.118118052577621,3.785685368177884,4.773965991400769,28.400570376479195,13.468630986392682,11.989494815117343,26.172715507050075,24.462329891365812,13.468630986392682,26.396797848904715
36,1,28.181298132567377,27.256723221814767,5.642490837951962,4.077102842822259,4.507906686746141,5.6293054465707915,5.201316271625228,5.642490837951962,22.65828168199459,25.544807701825242,17.499671856546296,30.804405752692617,21.400545562856955,25.544807701825242,19.8285911530488
49,1,30.887740874995977,29.41752687241334,5.0680694024669855,4.342808209469526,3.933492315217634,5.947102618699524,3.753168876886167,5.0680694024669855,26.33723142854575,23.970840571077943,12.670011843538626,25.000109473594026,19.726923029244702,23.970840571077943,19.664315525463895
50,1,27.26724321006888,24.035071382207477,6.401679492477827,3.26853075323029,4.637783199938721,5.06516090583663,4.070221915337166,6.401679492477827,16.625056873218767,29.539881902032725,20.780472779081713,32.33395339684154,23.243189017445374,29.539881902032725,17.987071511241037
53,1,30.638121582099505,24.364295495956,5.960196644219596,3.9190519074316574,6.023146917895168,4.808880185908424,3.32067836860564,5.960196644219596,14.094530513625653,5.9279388471476775,35.09963274584079,27.35696497014206,23.672281544841702,5.9279388471476775,28.14400496844648
65,1,33.24627473402495,29.1889496885843,5.02894429530025,4.337090560464904,4.829347714538649,5.5421364984287775,4.164925403836906,5.02894429530025,21.684478838419405,18.13081603279352,18.578465495077083,30.75623867321472,18.30916365427498,18.13081603279352,32.28284120862582
67,1,35.10505660158436,36.14172794770896,4.963271893086479,4.4116579279586405,5.739189218841143,4.92742655851794,4.3555763801252905,4.963271893086479,15.24873436079096,17.39790036478748,14.532164024137694,21.27313644937635,30.8000322207995,17.39790036478748,32.805171765154206
73,1,27.213180357098814,29.183914511147606,6.077945604933677,3.849795423080195,5.35283800281338,5.053219765372569,3.2703419511190397,6.077945604933677,16.504231868355014,23.695923442417644,19.720145371778113,21.332369986300826,35.58032680617974,23.695923442417644,21.87299439563428
88,1,17.397853212303502,40.9876090801576,6.213326174767681,4.492637132084604,5.3631863543571825,5.6640082244373176,3.453297635062705,6.213326174767681,23.050191037696585,27.692563928365477,4.087347279508169,27.92646179170536,27.984366804815622,27.692563928365477,21.227408975899806
89,1,28.15369304708736,26.504141986900827,5.8005588808619555,4.047424536359317,5.3290188724726555,5.2389525617756325,4.038102357592805,5.8005588808619555,18.415825815738472,22.226351440586978,23.57572928939364,26.982627913551628,23.493155833549537,22.226351440586978,22.710720040715366
91,1,16.304531535497993,18.961239031067436,5.549859557500146,4.952041709405311,4.576360917615031,6.728559510783935,4.218510881069234,5.549859557500146,36.24271496136395,21.85511650976341,30.983039059810046,27.513073934185435,19.16147430917166,21.85511650976341,27.42872984556044
92,1,36.49104061195766,33.49143903581863,5.284587454423687,3.9183023003989557,4.752336672255312,5.100730618275943,4.808954003181077,5.284587454423687,16.986654711420694,16.00623483560278,12.817630879455457,32.909481831359614,21.27649820655065,16.00623483560278,30.09826561094072
93,1,27.03667856761004,34.71673447187369,6.328859909450657,3.977019396481734,7.046724149661557,3.8726281973831664,4.991683912422524,6.328859909450657,5.9664510263702075,14.223159640963061,26.105710207504856,20.4862891409425,25.063833576930303,14.223159640963061,24.49296599173533
95,1,16.28977116227379,32.641665173751036,5.799937259812446,5.065892915538105,6.223174117948438,5.926535205993541,4.211818446417506,5.799937259812446,26.09302141908391,13.797368931129165,24.66775661394248,25.85937066847535,24.503409576547092,13.797368931129165,25.873512449524583
98,1,17.007861993746047,40.498938218182644,5.2911561779998815,5.343499505412745,5.711814500139087,6.270959476207723,4.524808578542394,5.2911561779998815,30.294134623442464,18.483013075531996,10.027058058375038,26.288904407431914,27.58376086177995,18.483013075531996,22.836741800964305
100,1,34.109016981255294,31.30707857677519,5.108620463888415,4.291356712277932,5.207277413700721,5.276711139142187,4.2263417502354095,5.108620463888415,18.812882317150255,15.277226314199979,18.52724056090991,22.529943345630752,29.729236282758546,15.277226314199979,24.924496463324846
101,1,35.58852306680217,29.39060278961971,6.045038822993514,3.5844682524149833,6.615030970441227,3.7669070616389466,4.11456951648917,6.045038822993514,5.158790682228376,2.4877366485709818,32.91978802891345,26.575950463762062,32.25145728212499,2.4877366485709818,27.491240584509878
103,1,21.145891650046195,19.49123432715591,6.700325214641052,3.4865786779211074,4.979684340593287,5.355288739655926,3.7847181299017834,6.700325214641052,19.64831935628856,25.84798765892412,29.96727327821595,24.514751925037043,28.22289755661813,25.84798765892412,26.805425190842136
104,1,31.188001925838957,32.84498579913246,5.113573849498037,4.332998034405971,4.440047985775956,5.657132915282337,4.676774285519376,5.113573849498037,22.972354692373848,26.599957954880324,9.526939679764286,31.479044234751605,20.641390907874605,26.599957954880324,21.664017635613845
109,1,18.09438812967386,28.41732719018981,6.458201747951206,4.239072001042107,5.893752517547019,5.388631223373328,4.6180981730128945,6.458201747951206,20.00654833271694,21.240755467848174,25.30671777857688,26.884149329691315,24.662706968192257,21.240755467848174,24.662161607779794
111,1,28.916477691743662,38.9044477761349,5.328475314315339,4.485056226011745,5.333785415903147,5.359204557876888,4.412513997347683,5.328475314315339,19.690275364371423,22.816716229132954,7.420490408250535,26.328737823570435,30.640473505679434,22.816716229132954,21.1637335998443
114,1,28.56695634356506,27.842821830333154,5.415974448796457,4.343966682991821,4.991989728678483,5.619820203614533,3.968464652695291,5.415974448796457,22.55158099215711,20.86949795070169,20.6045852394457,29.16342726864686,18.561033429955806,20.86949795070169,17.04911244061698
115,1,10.814243766306959,40.19402068419328,5.242776389121957,5.7487175124702485,5.9319852279587755,6.694439403338307,3.647197779699214,5.242776389121957,35.78472079617156,17.21740519308083,12.76913916422843,26.176651924573235,25.245333191052502,17.21740519308083,15.586075656206997
119,1,14.08772409589889,28.655015956877904,6.376260052804367,4.522539610966531,5.469648101592702,5.935917562497554,4.608539744568606,6.376260052804367,26.204319179969918,24.93886436633776,21.82753766382639,20.935521267256433,30.113101451670794,24.93886436633776,19.327766786015882
124,1,11.462023093980754,25.857163901238877,6.208051695176749,4.981852659964498,6.219245521578754,6.0848630345086345,4.015912609118442,6.208051695176749,27.99476001993264,15.85081360606849,33.11864048172914,27.568138807006598,32.596968155850774,15.85081360606849,35.15481342753455
125,1,33.39769536251016,25.679448576240564,5.13095109573904,4.305756956230333,5.069689155960621,5.50872042725294,4.82810628695536,5.13095109573904,21.31520261683682,11.136947490038093,26.464047213377206,26.509896761045837,20.50276774681062,11.136947490038093,18.81848536579479
133,1,31.56998433949336,37.24653840375454,5.935197089800413,3.8574340347248515,6.182965621710764,4.2047210529521335,4.440168995555676,5.935197089800413,8.648881004341915,20.39298963842591,14.79536341559964,34.49872247652523,29.506989052814756,20.39298963842591,20.946555646537647
140,1,22.552606145393046,37.8259312540405,6.342656882053066,4.229090868159661,6.674222540468278,4.54140640796019,3.990601696603415,6.342656882053066,11.593574033464893,18.23466743173065,18.637630740018793,17.372107978772487,24.92704096144381,18.23466743173065,27.684177651787106
143,1,12.701236561904686,38.35782119615436,5.331196132699053,5.505988922714695,5.397594993342636,6.6869924062914174,4.116491951022294,5.331196132699053,35.68506931300209,20.810101023170112,10.717056631853241,24.84105585201363,24.613824226125473,20.810101023170112,25.618250312908195
151,1,29.694856665577028,28.379328191635903,5.5217594162902515,4.119891665543445,4.76458848468306,5.48617018803528,3.5487461216365492,5.5217594162902515,21.06726520329008,24.254201747473594,17.563500961158415,26.22136167676693,23.36485245941132,24.254201747473594,21.1538541212872
154,1,27.65810288482061,36.41496229601128,6.146897544058202,3.897236877618987,6.32835435130389,4.224043275252144,4.358685751788966,6.146897544058202,8.81174346240587,27.723079264588343,14.837688465551222,28.13029393628025,32.58619777784924,27.723079264588343,35.93416467294574
157,1,33.128025888271665,39.756192700388254,6.127393736992484,3.4140339024751327,5.782082472163617,3.952627591770413,4.183728908982909,6.127393736992484,6.592466750427786,25.868806783760515,7.12593524913763,35.62520460279495,24.557859196575656,25.868806783760515,30.95127285541663
160,1,28.479939827045175,37.67212890362966,6.482400658161912,3.543256264368215,6.608654437260085,3.6285554606581547,4.898833721110609,6.482400658161912,4.135616602275127,23.34784840028835,16.14998330886769,23.07836382467931,16.67115386557829,23.34784840028835,25.116906878336867
161,1,29.93196899821381,30.748879329357493,5.5355554676439125,4.29456308580087,5.914979977736136,4.98580563571649,4.849010148419433,5.5355554676439125,15.827459708345323,18.355871030042195,22.57346286265544,20.169065251277406,29.27274651071498,18.355871030042195,21.433342276312835
163,1,25.734556758875012,38.45770070767253,6.1594574135023645,4.419235176819346,7.630512248875746,3.798058022849226,4.340644420909304,6.1594574135023645,5.394446616132383,7.782394233911818,27.83712628670522,18.219143181118262,24.321410260233193,7.782394233911818,26.182126613985833
167,1,37.423071066015325,34.82058334628586,5.040674297173267,4.174671454517693,5.528579387524748,4.8222888289407315,4.209532175457655,5.040674297173267,14.223671420929588,14.251242701068154,15.738716076121602,26.74218006593778,26.314568346889033,14.251242701068154,29.970865564181267
174,1,32.74914807682229,26.964192553051177,4.8853884103214815,4.481084723921361,4.781513027843141,5.7458923182535155,3.904984577053823,4.8853884103214815,23.98448040416777,15.655455755325027,22.1104762053313,22.814968536772323,27.06989855984326,15.655455755325027,33.729908135115394
175,1,27.835287924972818,32.611073006212905,6.226140846791837,3.897274526294908,6.590065674366461,4.179117881590089,4.823688411681487,6.226140846791837,8.434228139429045,18.310459170708288,24.365462304123714,32.95594013698113,32.18246846949519,18.310459170708288,27.195128006090354
180,1,1.377310315702731,42.270315218730985,6.380997836057889,5.635189338316188,7.126733692915965,6.190151076791579,5.199274497957278,6.380997836057889,29.28717222470695,14.912776812826865,19.171700140463702,21.099690039281946,22.644024894651412,14.912776812826865,14.575116698996226
181,1,23.85437450905158,24.4506687503733,5.154319133269686,4.801743133214347,4.60988747493165,6.3225095435061505,4.632282354173885,5.154319133269686,30.943328798929368,21.586477298754573,23.502365498466844,20.396967308393815,29.455008329501645,21.586477298754573,36.02881449826697
182,1,17.056631220187707,30.640859716636477,5.70855592633399,5.0114532982931035,5.884109847076145,6.042149698375457,5.256466060365391,5.70855592633399,27.476774848781645,17.710905199789448,23.927454467981622,21.40190393980784,25.130840159863894,17.710905199789448,23.472710540881316
185,1,31.643153385257328,35.25149089852037,6.2578275635308405,3.5497105519842833,6.481213202477281,3.7257925758541934,4.058039909617063,6.2578275635308405,4.850732189493239,18.020054339011963,19.890238131311136,25.81314127738461,23.05899704623149,18.020054339011963,22.15365138568195
187,1,16.339414498292445,33.28648508577017,6.344764890758041,4.409716251318999,5.460660449877062,5.701394312527384,4.82363891726697,6.344764890758041,23.47509897812262,26.889665794377215,14.938890774093853,22.89704161160198,19.154804858566248,26.889665794377215,26.508072185536697
188,1,29.296750226797062,36.312734605773905,5.6290196674402,4.444600179298295,6.667694292207779,4.560747644161997,3.9353717714730414,5.6290196674402,11.769620944932216,12.66921083350196,21.96359120876344,21.65980455447839,27.638694551662674,12.66921083350196,26.863129972692086
194,1,0.21592492654761486,48.90202672645731,6.157936246846737,5.874162637491618,7.007116750606803,6.419543188027225,3.8093780739823693,6.157936246846737,32.17973661414976,15.891634220654506,9.60144317617376,32.55734874762565,24.80960429963418,15.891634220654506,24.127908350482702
196,1,23.234325482801573,33.1608123000609,6.073483283506875,4.243563674454057,5.7147220206014016,5.234328131487742,4.723564523461783,6.073483283506875,18.367392859286976,22.590140379497605,17.338620560004287,30.504591100716716,23.521935640737496,22.590140379497605,30.83491481564586
199,1,35.40630004226253,42.851129342160036,6.545781913735306,3.022484145847321,7.111350345041909,1.7954209157163075,4.48427228357523,6.545781913735306,-5.807261864205402,16.62736379401653,14.292849852885405,21.378461431386782,25.338731398001237,16.62736379401653,24.771697651676305
201,1,15.266098859834843,36.81533366538812,5.872834757295746,5.012385246809097,5.885593491822439,5.993185280348765,5.257847633183156,5.872834757295746,26.88747167579212,20.176285822955503,15.23698530626351,27.755564751814443,26.864538732712333,20.176285822955503,24.907829013152273
202,1,3.802485878859221,39.984966544295915,5.900965401455307,5.695360085884005,6.105503047741609,6.739229538077007,4.245182659584287,5.900965401455307,36.38641663809263,20.124495082154702,13.609359447231636,30.290650117544935,23.158260541876942,20.124495082154702,32.88130879591284
207,1,19.94612007047909,30.835328668208643,6.207210705323221,4.417710937172526,6.099386853603822,5.3259381050783725,4.379172636613879,6.207210705323221,19.334818570328824,18.662910171790696,24.16787680735032,18.144566519826014,29.458484140695475,18.662910171790696,24.03658862094551
208,1,21.048232345766912,37.21340563421309,4.5357196213836755,5.601106358027404,5.830355710595059,6.396700187717597,4.5718069702842925,4.5357196213836755,31.88697516274935,13.03127041989609,16.595294022276022,14.23217706664905,21.98728013500282,13.03127041989609,41.66406746620433
211,1,2.5867463805409496,34.80816548169316,4.778881759734323,6.377570291555933,5.531297413910425,7.682227297938389,4.318516148084128,4.778881759734323,49.985818128392765,15.15676600891069,19.07282564199852,32.22365014856659,21.02157405775372,15.15676600891069,23.745542043098403
213,1,30.899651713299846,27.12730753874828,5.264351160883469,4.281339559972474,4.679805605304549,5.671810909962004,4.114326489597126,5.264351160883469,23.138640869567034,18.85139608905278,20.442528722749728,26.272234662104196,32.42015779096288,18.85139608905278,33.07402311389726
215,1,32.207519236905654,23.80992126950921,5.00338926790902,4.374695825503381,4.261142268435105,5.966418645666721,4.751086859004616,5.00338926790902,26.567353326562525,13.756149603865602,24.39044332279422,41.41584075211105,22.371916776490814,13.756149603865602,33.359100430806734
217,1,31.123798949971984,40.74711988919518,6.198926824550698,3.472142705819191,5.700511796043862,4.100834963984578,4.11944603325186,6.198926824550698,7.786049273041408,28.91853354758365,4.5785557877154925,29.389665094106803,23.139931278315125,28.91853354758365,25.906640930126194
220,1,37.50082815353172,32.87578134464021,5.388304945837885,4.038946983050828,6.320401252390283,4.25308922673879,4.657807563614064,5.388304945837885,9.057969841804574,5.874464455819092,25.507636758504564,21.628853786085642,22.91603368006667,5.874464455819092,19.957542989736623
222,1,21.473210287808794,42.39569492935164,5.517817774086756,4.919654391278017,5.8302200527241546,5.662800015844194,3.652420082309193,5.517817774086756,23.036505890648023,20.942500230978972,6.953871881285119,30.036973135937025,23.429083749111758,20.942500230978972,24.37801694445653
227,1,6.925478995329035,37.54758848633534,6.182665835781852,5.464085823952782,7.050518600553427,6.00667426277162,3.636860935759631,6.182665835781852,27.049337570245996,11.609960302956978,25.33415319230254,21.21724315870992,22.47353519179629,11.609960302956978,30.924157374461807
228,1,27.469175956958534,37.5647371894106,6.643503389376447,3.5744315678487504,7.053251781871386,3.3238535257128983,4.804915492017243,6.643503389376447,2.017204131597077,17.019090628835052,21.36934846363217,30.705457865693507,18.722310962430043,17.019090628835052,18.391859083543643
230,1,26.030450799175256,27.62127898982792,5.626451847304542,4.3749741127613655,5.259666095489475,5.597587952529943,3.8752107024083235,5.626451847304542,22.30219275751137,20.65824745242919,22.522352719575363,25.00530008156774,26.158049841793755,20.65824745242919,27.548973250552397
236,1,13.85897156754632,27.829308145372117,6.523853076565725,4.444921287467272,5.728672731847886,5.785123077596403,4.129138359372263,6.523853076565725,24.43685089414149,21.901162006228688,25.270102216848915,24.02517101768888,23.328910886988112,21.901162006228688,25.686564292106514
238,1,31.357934301784034,27.615531430606396,5.022215628731866,4.380709054204049,4.197929993393054,5.909151383712212,3.9150682776924697,5.022215628731866,25.887271946830957,21.010633202290457,17.00433107565058,28.16179180378377,24.514988161189674,21.010633202290457,26.45013200764375
240,1,37.28145400122397,32.51863670290093,5.251924184027003,4.036894713010494,5.571019712678935,4.772224987476376,4.618322069198872,5.251924184027003,13.743333202296913,9.580621099916282,20.338316217178054,27.20559468934793,31.040440026164884,9.580621099916282,29.68710510965582
241,1,11.882647625222589,28.562025364011983,5.091243581067317,5.717510647471576,5.692394081000703,6.911102570039868,4.968122491210834,5.091243581067317,38.73254060481469,14.674585501750656,27.22544024384495,31.40022089944118,23.57352765170235,14.674585501750656,20.891416834901335
242,1,25.040676971220247,35.88164756861953,6.393802866833393,3.7559653280389798,5.721339482009138,4.6942067586623555,4.698204437396635,6.393802866833393,13.004778964274353,26.232847493086755,12.36544537298524,17.114980887160648,19.745606932334123,26.232847493086755,27.12497781213035
245,1,28.185286754037485,31.630957594331903,6.166583134158353,3.710948164230845,5.576951431299047,4.717743573316746,3.117000246735961,6.166583134158353,13.226306294774467,24.966984459535908,17.258186672669336,24.740929177968823,23.321519535792547,24.966984459535908,14.296915799552185
248,1,32.077293265044474,32.440252691124904,5.766335892109374,3.9007689498991085,5.712046176767512,4.678346042869591,4.1486450116212605,5.766335892109374,12.856123568036576,18.588444832914483,18.764483924967614,27.587602484750636,24.128073304400747,18.588444832914483,31.420898244161442
249,1,23.658223042627057,35.01286516266039,6.055314519352072,4.301014532609722,6.003011998864457,5.079592346568233,3.910088148428249,6.055314519352072,16.77146027851758,20.06641408329741,17.40612569285886,26.511372291542436,23.64420525375333,20.06641408329741,22.98396728397531
251,1,14.145133598525469,41.37597684570976,5.0549330773426995,5.704639566092633,6.0036467040442085,6.523994009877078,4.4944054274533105,5.0549330773426995,33.53169971211501,15.688019095982831,11.889698939159434,24.2505931253909,26.700462695942917,15.688019095982831,17.71471858934616
255,1,15.045541663457378,34.068000561302156,5.846132827622146,5.017401391344986,5.757662681629036,6.109521230988037,4.186687194577048,5.846132827622146,28.29545154309659,20.152644499857182,18.09139021466467,24.071199600837332,20.469992844644587,20.152644499857182,29.264899243305464
257,1,11.03027084424388,35.91369677692285,5.898757261287791,5.251793781733604,5.94997708158386,6.298213906918198,2.949982326401975,5.898757261287791,30.636700288500805,19.920417525456628,17.290435296849907,26.172282649164835,27.14382316813575,19.920417525456628,27.429969513705412
259,1,35.14109103811901,39.41618297537405,6.008093194907676,3.5719884854535944,6.387841908669034,3.593641876898575,3.8815612550353755,6.008093194907676,3.8834638106021258,16.035034760922958,14.242267635378436,25.86415488157376,20.00963280234704,16.035034760922958,30.781031653566117
260,1,11.80670013723625,33.90367729650626,5.424542483130054,5.496288040126536,5.525203077926607,6.715267610211159,0.0,5.424542483130054,36.0640209479541,18.874667711665374,17.87473697904656,17.58923088718815,22.289553742393032,18.874667711665374,29.03215994446612
261,1,28.83415995355478,31.892761215100478,5.357310660361094,4.642413316579359,6.360109265643047,5.0866416390816545,3.8345260633626026,5.357310660361094,16.84312503564231,10.748664357135048,26.423406666898863,12.517272507145048,24.792001154429958,10.748664357135048,30.15145229379707
262,1,33.205470281761706,38.30148408262537,6.105194553021648,3.579852535536774,6.314398124754442,3.7563209477889257,4.04333941006371,6.105194553021648,5.079148934000905,18.848246822251646,14.491817398718595,18.916260392943677,40.13085237930131,18.848246822251646,30.042768515183454
264,1,30.694923076479512,30.74330767409409,5.880981544233819,3.9758092462381613,6.117191097700562,4.582250404537676,4.542251624444314,5.880981544233819,11.966220641088709,14.700326564644644,24.71367385823087,23.667140445659133,25.886153795672175,14.700326564644644,23.363119867259208
265,1,28.35942805843324,30.85337571271042,6.343505881598755,3.6385189686266632,6.0828311497406,4.393579979360502,3.9879807442730493,6.343505881598755,10.272746906240442,17.209477068366386,23.577539488874333,22.011114442201297,26.079836212898385,17.209477068366386,19.43812766547776
266,1,31.93486083835898,38.22849740449755,6.164689487416795,3.667255331782834,6.59543148220501,3.634277132071935,4.048515520442142,6.164689487416795,4.177172143904024,18.88725709252273,16.533919429869005,25.372177283726764,25.97814047596025,18.88725709252273,32.20122379068908
267,1,33.75605362910852,29.426323753116925,5.616572991950121,4.006016909344418,5.983364351367085,4.653608057686068,3.658612189558885,5.616572991950121,12.62526982576371,10.16400860703344,26.81611284268039,16.73374220598719,20.919169271481323,10.16400860703344,31.33207790071677
269,1,21.229439532926794,36.5181989994476,5.586785531187125,4.923613071741631,6.150920913603696,5.617763603851708,4.94495470199419,5.586785531187125,22.52846977996395,15.65121741970497,18.20043199679662,26.927861936301525,22.277780992030554,15.65121741970497,29.99041304654897
271,1,35.39346383673157,27.674717663641047,4.341378525425921,4.677822321492126,4.6134222756544805,5.899407078242779,4.862270667006837,4.341378525425921,25.77220574602402,13.221022535325574,21.071518513096912,21.395210173319477,18.344888955623983,13.221022535325574,18.249912711368665
275,1,33.13436603256811,25.92417571199979,5.650453084058539,4.018392819680226,5.906903403220277,4.839808705722464,2.8892972032279043,5.650453084058539,14.392950179189965,6.52460877610131,32.075313872400415,21.624689346545885,31.85368144017465,6.52460877610131,21.428919234730948
282,1,33.98835325333522,39.26928758218068,5.879810019898853,3.5876368158790792,5.5542721701989075,4.247102020326464,4.41919877010296,5.879810019898853,9.007077442264144,25.56523011574919,6.5664203856452374,25.722933272642685,21.367050888818536,25.56523011574919,22.858923623058452
284,1,32.52103427371199,26.285036674665342,5.743011635469875,3.889549341033726,5.528924733555374,4.955868819066769,3.5396012876941,5.743011635469875,15.529837623001264,10.75802840836297,28.099134148197713,32.48079106832661,24.957500692323016,10.75802840836297,40.08575597769805
286,1,18.98406434919773,33.551845982003854,6.159311026965952,4.676382617142243,6.778488745440852,5.1264125686066775,4.007429323848891,6.159311026965952,17.249307694771527,13.40093317646919,26.86304078867071,29.175605593408946,25.38795327022835,13.40093317646919,25.164456145618217
288,1,36.30910802562853,33.83719794270489,5.806460335208493,3.51014717480397,5.3374157069234105,4.4738678423634575,4.2418777806865124,5.806460335208493,10.984695342136872,13.617177111313634,15.909164781197951,30.970686467686658,33.2657691659649,13.617177111313634,31.038691871160285
298,1,25.8865240440003,41.18943265405981,6.780758657908836,3.3518238374677978,6.759152611036059,3.1973073052877257,4.393334704359505,6.780758657908836,1.1919758756492715,32.6201596868255,9.841001556586912,24.91062624148629,27.26672281585378,32.6201596868255,24.38599240578108
300,1,31.41123597101703,32.03590289336358,5.841324787380888,3.9756320158438285,6.207129781635055,4.453555704059381,4.499466080991064,5.841324787380888,10.803360280362863,15.40094911110669,23.3324188135286,26.581156022738448,33.9094002279228,15.40094911110669,16.479669834513572
302,1,36.31676992759922,32.045502787657185,4.906121694440922,4.327557811163034,5.35585418308168,5.149085022448519,4.691355864088803,4.906121694440922,17.48227843960668,13.52519910005463,18.776433794349696,23.93089496512523,18.354101996163056,13.52519910005463,22.548582027072733
303,1,21.825891978577985,29.989943707729083,6.568950835002296,3.8799832416643762,6.123196523520631,4.797344198469519,5.132866372965773,6.568950835002296,13.98371322979216,21.031513108501674,24.306853834235845,21.329266119821494,22.294531662680566,21.031513108501674,29.386595295038035
306,1,35.33339969233541,26.975212015568687,4.241427987808451,4.622066488682776,3.658166898646484,6.190260726573169,3.2395275632086267,4.241427987808451,29.288529734157187,18.063605919867452,16.475722133684165,28.408655559330533,24.760356869644554,18.063605919867452,25.51054700384573
309,1,33.1450404464874,35.45346871221071,5.934736378935666,3.819873952853611,6.43447848373581,4.003472725387752,4.14572523081007,5.934736378935666,6.9969957341266475,13.542893733901774,20.711764390885826,20.03512232605724,30.338083022949505,13.542893733901774,21.228716771381542
310,1,9.931847637330872,35.646234052313034,5.144748958252415,5.891093787487389,6.224517339312506,6.785430236061284,4.2997726828641145,5.144748958252415,37.011265359657706,12.299493317394884,22.161290950836324,18.171252139676692,20.179944564024034,12.299493317394884,21.758057481489725
314,1,31.539597408402848,30.305818682230093,5.7266260613563436,3.94974165251593,5.401246140170532,4.99990691873497,4.16171481883877,5.7266260613563436,15.968271067216833,15.843013779209745,20.687777363203622,24.31403513246998,25.57473795270962,15.843013779209745,24.953322585540306
318,1,28.195784574660028,29.118390275129542,5.675271950841294,4.228857616184198,5.591828967299619,5.2045929133153965,2.887108023073494,5.675271950841294,18.05698926453586,20.269996634885636,22.304621481001533,29.637134725493112,24.329252141922208,20.269996634885636,36.31883291109925
325,1,22.252454019481736,33.522357336257514,5.782024750820171,4.791430757488958,6.743281221298947,5.156038982500433,4.06203754931526,5.782024750820171,17.55393986026711,11.568461722156535,27.084842858997057,22.750688436787915,23.87694971118406,11.568461722156535,26.07609995032352
328,1,33.83294068753383,30.916376617730993,5.2311733467049475,4.272930674151799,5.596462435370882,5.073002505017709,4.383432659126179,5.2311733467049475,16.70455628711896,13.202331978744319,21.808165189362285,23.447729226684437,27.900319399447817,13.202331978744319,23.612628331160785
331,1,22.393159413849602,32.765084251552665,6.251029319629094,4.254304042244482,6.38988371622451,4.873515885201177,3.428831717493202,6.251029319629094,14.720358954511221,18.505370557339806,23.300126596734977,24.809200430804907,25.708650137824982,18.505370557339806,27.1057746310953
333,1,18.04989327083401,40.830337757059034,5.296436085283873,5.351796899043805,6.201797504181466,6.001611688746315,4.571632103764976,5.296436085283873,26.988544733699406,15.675810734475144,13.351350725009787,20.242096303576737,20.0666212114848,15.675810734475144,23.276247271438436
339,1,19.574377415706067,41.614021283084085,5.549749636405201,5.139070203748048,6.556071494585715,5.5450652590906016,4.510429681048403,5.549749636405201,21.71695059877653,14.445591216227811,14.763254155034105,25.86934349570312,19.22031234658423,14.445591216227811,26.22907056889715
341,1,17.893163105284344,38.12262210173906,5.081987024589658,5.40327945204041,5.567157378919882,6.399213824203841,4.89780143459044,5.081987024589658,31.919139439084553,18.173728839486923,12.381281222424207,22.460159429361735,29.94933740276427,18.173728839486923,29.36899373479416
342,1,17.9558818723533,37.50376166704375,5.327375789411059,5.348788390522024,6.3807533466739095,5.955854311952062,3.2487161951545183,5.327375789411059,26.44140245640098,14.16185470571692,19.30037274840107,28.41486506042297,33.519733542480886,14.16185470571692,21.40818327320739
343,1,29.34222997498096,24.410669803707947,5.078150672968481,4.571751195202773,5.079784447679717,5.805203089728388,4.519243242196799,5.078150672968481,24.669584784195038,17.50136351177852,26.63601879087892,23.8426431555129,12.317329161652822,17.50136351177852,31.647457859644724
346,1,18.292669343647443,34.91826062603687,6.1502304130368275,4.714265307752376,6.663510622832468,5.2352775572812655,4.571410062451386,6.1502304130368275,18.377332972975907,14.51884403586229,24.019808299982046,23.932011440914664,31.179598756474313,14.51884403586229,28.645582152999097
354,1,29.758361872285306,32.10779664136076,6.295660578813905,3.6433296173175354,6.3888107478289795,4.072522242780941,4.5327127202085435,6.295660578813905,7.554639289148524,16.35144195675721,24.05414741658209,25.366612754821595,31.01050407751832,16.35144195675721,17.610224074149443
357,1,23.583742824949088,41.20444996049191,5.732218904816942,4.884728616433716,7.306183774125905,4.642967499788128,4.49200637044331,5.732218904816942,12.526349075291831,9.427109234735319,21.69506517144152,19.597138013495595,21.47246834095974,9.427109234735319,25.925569509322116
358,1,9.380536477135768,23.865257797495513,5.983965590406606,5.133828415464661,5.26856825640006,6.713101538849051,2.908498520864418,5.983965590406606,36.034934142100504,22.057228845808503,28.515249820775832,18.079062380951406,25.53403804624733,22.057228845808503,27.121217428200115
361,1,26.433097125314386,33.521690749906284,6.621920040350432,3.6790687326233207,7.059812698677217,3.6053547004600963,4.945758497532041,6.621920040350432,3.9677843873327268,14.942213540462921,27.435524340437052,24.761591298374015,24.5628167871064,14.942213540462921,18.67452498465923
364,1,20.869603677164523,37.049444824660675,5.0952682132490414,5.230345617419615,5.722411203946267,6.1010881882192844,4.306447288208285,5.0952682132490414,28.192478951631887,18.3060540417312,14.335407790269507,31.107619117079782,22.571027418876568,18.3060540417312,25.306618496343596
366,1,27.550715363390825,31.152417441072267,5.8157600251365285,4.000886567251583,4.825921825350472,5.365810521914423,4.493626776278862,5.8157600251365285,19.76112442829055,28.019604118403105,13.169359624099126,19.40420736847712,21.158181747032977,28.019604118403105,28.85789904863409
367,1,29.23092639609386,29.2878428230824,6.218210042843122,3.8685516899021315,6.761793355332066,4.095099878417743,4.297169522130317,6.218210042843122,7.739044885420032,10.576753786033247,32.11572288345164,31.736445884950125,18.344023139925504,10.576753786033247,14.028346719994486
375,1,29.105353049634466,25.902565737787935,5.895958361410965,4.12514460567738,6.349774166921025,4.738559626800089,4.335999139420267,5.895958361410965,13.423149207942807,9.82108598129459,34.158415176467926,30.453312370929673,23.786772335920105,9.82108598129459,28.61476005502627
377,1,17.437083801184823,31.843642688447808,5.811714777587271,4.983161229135599,6.280358145492726,5.791487907584383,4.21826024216402,5.811714777587271,24.51053405489915,14.517367474460379,25.73209356674239,21.568682754411945,30.895783091614028,14.517367474460379,26.66293688939281
378,1,20.06022127850187,44.03054675314388,6.107915733143651,4.811084345996583,7.333913400278561,4.618848625534121,3.887558339953498,6.107915733143651,12.30296449680145,10.898128169904675,17.93534615406321,30.591323154258653,23.104751893515033,10.898128169904675,29.223846234959755
379,1,13.79387553758712,32.32624573876285,6.056443266678194,4.96972923438568,6.136139503579922,5.9385343694869,5.577116463022905,6.056443266678194,26.235392328780193,18.67073850811991,23.1464574628695,17.42193851569874,29.62176671324027,18.67073850811991,28.872202675573952
380,1,30.135624313455942,31.928408798881847,5.792649598153561,3.9220187930733976,5.293885784638244,4.989032152517361,4.220827266511934,5.792649598153561,15.859643690055032,23.75494474443795,15.657582791856033,17.75779431906929,35.23990840243396,23.75494474443795,26.473771897318375
387,1,29.484589696946447,28.42143430731187,5.85317518667681,3.9551106520408394,5.42020710234511,5.077613334148433,2.657836813857871,5.85317518667681,16.751359042324978,18.05188612508893,22.70966019458011,23.592641517346884,28.000581972138182,18.05188612508893,31.03544906260856
388,1,26.135986238087785,33.455180953661525,6.631540942005852,3.5751390500432483,6.741872552863822,3.7681673109758194,4.831657260278035,6.631540942005852,5.168286754709753,21.04308427617319,23.41457321698645,31.250198430971157,22.805283126380335,21.04308427617319,20.52115638294844
389,1,29.74919314767853,33.437896934528716,6.185991947603852,3.72647793611329,6.2585754196749415,4.190182027670176,4.665682711766646,6.185991947603852,8.52682729621316,19.649986036276538,20.51949472995252,26.747192806925455,27.108345561704404,19.649986036276538,15.448869509935324
397,1,31.233881455243573,32.68074143441367,5.532549600758217,4.058598855476172,5.011586712256433,5.202977732676836,3.5755633834552376,5.532549600758217,18.040179157934006,23.4478585853533,13.293101206194038,28.45336041909104,14.678602662707663,23.4478585853533,19.690361935429152
398,1,11.57050233036022,33.9311673574261,5.7275958154128945,5.256007513146226,5.293949960882639,6.611332983697053,4.0664240507714595,5.7275958154128945,34.678925692523585,21.98662488352832,15.477348304795813,28.40984768865379,27.061831658733123,21.98662488352832,34.272320745421844
399,1,15.585899925922886,39.14066954486698,5.36445744805567,5.433816041051654,6.167881565736673,6.188129376446096,5.018717929322321,5.36445744805567,29.262147050838156,15.92035795682615,15.475628397561467,36.138739343046154,23.784157197541003,15.92035795682615,26.637593500995912
400,1,30.398126020148418,35.439652825437975,6.181369587912276,3.6550448615395483,6.06839877927598,4.205664475149457,4.495009454128908,6.181369587912276,8.656815548737175,20.43688853079379,16.404879932402423,14.927025251547338,20.136605967170595,20.43688853079379,28.405299769773848
408,1,32.424650380257525,27.487918911597767,6.238436388953586,3.1366270450706426,5.144338415828862,4.473021441138067,3.800873109016106,6.238436388953586,10.977122684083884,25.39005870074412,19.67996609604557,27.534761497547162,22.195853045825345,25.39005870074412,22.827091932729026
409,1,11.76437621016201,42.064323147405176,5.524695903044919,5.5642346774029265,6.275692791201628,6.311357072226229,4.307487802643583,5.524695903044919,30.802429964343048,16.67525555032164,12.433278655343488,30.943259873391213,15.901047305494274,16.67525555032164,28.927347854936354
410,1,20.268664246045592,30.604732744235072,5.89544627937795,4.503907839515486,4.990373197804585,5.941208512951489,4.702021080204614,5.89544627937795,26.267160465570253,24.156993770013816,16.58741297993575,26.663546302983924,17.22563694492146,24.156993770013816,35.58275416564279
411,1,14.850388469835373,36.58305778846778,5.753524374876196,5.106494101608123,5.72037900870506,6.168382654796924,3.764836600466743,5.753524374876196,29.018146447202557,20.785290637754343,14.467021121986072,27.62909233278462,25.213735226851615,20.785290637754343,27.772048939432512
412,1,31.20529566553757,33.95594166926148,5.968943674903758,3.7811035053942965,5.911206350484251,4.4209265715143555,3.644600822159928,5.968943674903758,10.513793621924686,20.93728284094951,17.243617935686704,21.469454534419057,25.223919084425027,20.93728284094951,24.677384349971575
421,1,22.624557437717293,31.200979460467053,5.285809071965521,4.929855328352208,5.47139123301386,6.002321046720899,3.6124677465629267,5.285809071965521,26.997059819111684,18.788495841812438,20.10014292073283,23.418512984819536,24.20080190968228,18.788495841812438,23.784143453147056
426,1,28.91894290934654,31.433194270373278,5.572677931274695,4.233029929852719,5.408445142098033,5.221245545036528,4.734833296106395,5.572677931274695,18.2306069127668,23.575330026174306,17.213718547834706,31.382082648033062,22.640381920972604,23.575330026174306,23.374635724540926
432,1,34.32869782259968,27.655836815080043,5.93421046083706,3.5094066154688672,5.855116029946418,4.238608129917055,3.646278102290543,5.93421046083706,8.935000750201967,19.54399180425419,25.242083952179236,29.40187454411837,29.140991670239394,19.54399180425419,31.092200746287237
437,1,32.39782621933976,32.88207886695373,6.024353478373468,3.577532830928585,5.528201178229215,4.522943119465323,4.824077753453368,6.024353478373468,11.426216333121717,18.605090474328307,16.962996868737974,26.198480417816032,25.05687712908923,18.605090474328307,33.078826643164064
441,1,10.155397635977534,41.449605702928174,5.118401697245577,5.970129137035542,6.6179981121679,6.576594454627203,4.251476501837703,5.118401697245577,34.22079649183629,11.13436929924687,17.548412493455015,19.22901925239671,15.548914967162402,11.13436929924687,28.97635279161716
444,1,35.493729797319126,35.70762175926545,4.720024115478354,4.45569357085442,5.115132755755013,5.2854994539611235,4.395357387204944,4.720024115478354,18.90570634902635,21.43192372862293,10.437183162850108,26.282477874151272,17.597989186687517,21.43192372862293,25.553439547664606
447,1,32.34306538964638,33.94087792263706,5.894537554979375,3.8368687611134455,6.128186809290849,4.301327337462689,3.5077759860081965,5.894537554979375,9.470618735206877,16.859806375615598,19.783833357647037,28.039167482229708,28.950040316442546,16.859806375615598,18.994969539945718
450,1,29.556200666654618,28.565440957503384,5.5673957160923235,4.170527997303607,5.1636977923890015,5.361371705086447,4.823577956837208,5.5673957160923235,19.713508431304568,20.191349287206073,20.599465812898295,23.788621572672376,25.83611972590073,20.191349287206073,30.034947859998695
465,1,26.233145674521552,28.960645211863127,6.144674131719635,4.058626741543612,6.41555536295792,4.60780497530392,3.8438903163523057,6.144674131719635,12.201068561638573,17.780597298458297,28.317893458271,28.01647585176191,26.07125238410832,17.780597298458297,17.25097282810797
470,1,27.973783804053344,35.95277133854209,6.176759392219657,3.898854074056736,6.510800359980633,4.108767113775094,4.9017092386276815,6.176759392219657,7.851169066442727,24.052806294507477,17.7254293322428,28.49373713606478,18.410226271775045,24.052806294507477,25.569568791647846
473,1,16.296107173279648,34.46113603880337,5.272268689894727,5.302359839140494,5.238328884762102,6.539825256839436,3.5015313839449944,5.272268689894727,33.738516261198015,20.96445034589199,14.540813713844516,27.56167260727674,26.451556094615842,20.96445034589199,25.651790924223846
474,1,31.90438889068627,31.21306870255924,5.251247727606225,4.394079278137944,5.779317044021849,5.097350511917138,2.9730676944379018,5.251247727606225,16.952184112544913,16.27451068601736,21.727612340920093,26.362563944066075,21.01767516688614,16.27451068601736,22.987734814709064
475,1,28.739621768600564,28.551334961788044,6.525225175938891,3.3826054900449978,6.348145313933246,3.9632290418488623,4.0108697259514114,6.525225175938891,6.676386309357265,19.60515754911825,27.394454134576797,21.28470143642633,22.871942373743877,19.60515754911825,26.91456268808773
479,1,17.29374037255784,25.18176809497538,6.7327868933322605,3.9847445844812412,5.957589985840253,5.228307070802815,5.024612045923937,6.7327868933322605,18.304396697809725,21.7716498163646,29.671746623068405,23.089532632082218,22.22959800636106,21.7716498163646,25.141113297017306
481,1,30.49414799459839,32.14578168091221,5.688946376343171,3.8990292920433043,4.563266898913018,5.3296851887555245,4.57629223180405,5.688946376343171,19.37474608244303,24.991176777315935,11.309976257158208,28.30916440255274,27.59083892786007,24.991176777315935,35.276922469378206
482,1,17.0978674646294,35.36073488422419,5.69882313910251,5.104409731963539,6.310430366118077,5.8265301228198405,3.8892965604581398,5.69882313910251,24.917655143330002,15.905553296736292,21.00854067146291,19.01745349305924,27.179740291892614,15.905553296736292,19.146582796090577
489,1,18.452395255452764,36.10034519357075,5.49468978010561,5.159666146836231,6.156110271859281,5.912551708654963,3.3216669791710616,5.49468978010561,25.927469578721734,15.774013978474649,19.059249584506475,31.661899212838303,21.86831031336851,15.774013978474649,21.888585791449696
490,1,32.77320009729736,24.438203007754772,4.864041898753903,4.501285500240574,4.73990576636123,5.844018913817752,5.4101163254735996,4.864041898753903,25.121758936262637,12.287434482012321,26.239079533045597,24.14668553605772,25.692387524340138,12.287434482012321,7.288636078991992
491,1,14.063517005869336,41.42231209856548,4.501465836247679,6.0483843734724605,6.141070300817589,6.783706967315421,3.3289020869619264,4.501465836247679,36.9878820896068,11.87114855275321,14.092260793634212,24.351336891658164,29.666245432162974,11.87114855275321,32.68731393369024
496,1,26.760467577422006,36.79995538496747,6.191084381268089,3.896954739196317,6.14973282817005,4.397988168048832,3.5884976331624214,6.191084381268089,10.311501797500544,27.749433408732177,13.250315612445922,26.610629326950214,13.309748655206272,27.749433408732177,26.140438616456677
500,1,18.636640358506543,35.50832421708793,5.543505510544783,5.1044247848771205,6.136107546147234,5.875182653038826,4.057340148557646,5.543505510544783,25.486973077771353,16.24288996881482,19.518365341039893,28.61669425385621,25.054226546059724,16.24288996881482,20.866689888915207
501,1,31.902593294455805,25.469914502311624,5.112611433593879,4.400519656189985,5.040863167881725,5.625581472192486,4.253338655863302,5.112611433593879,22.616368771478392,13.790186299428758,25.927245035618327,27.56283548347172,21.385982031230487,13.790186299428758,31.87028760632308
512,1,30.227709342280225,26.586821755017304,5.253440623111162,4.296265036689232,4.375484037767362,5.835799853576078,4.252759431007485,5.253440623111162,25.025761802201586,19.881035618792353,19.485884054546045,29.40111693376856,25.966487686246875,19.881035618792353,24.5975935409421
513,1,22.593780216034062,26.635776662651715,6.299054547696465,4.033428881392914,5.772111538343704,5.167347797488846,3.8097618894063197,6.299054547696465,17.670685131415837,21.85514209483465,26.34515254591272,22.155386273707403,25.807972953144642,21.85514209483465,22.555920097256838
515,1,31.434656293901355,28.772227676922814,5.449554790571284,4.105370682650746,4.855143123045247,5.406984558634509,4.235114828295285,5.449554790571284,20.204683888515028,19.73133226655973,18.75171758288587,41.17507098333438,35.20470767137642,19.73133226655973,22.06503080045134
517,1,20.976186311468858,28.6975472348494,5.912590294493609,4.4854828611056154,5.271329907066088,5.825072702224412,5.270126884201207,5.912590294493609,24.90067385740303,20.707317417737308,21.534075571225443,22.16442968688332,22.646820077027428,20.707317417737308,31.143691856516114
518,1,31.79174477594409,28.623764914173776,5.535845271393075,3.9891561334906736,4.674057429155669,5.411322136344892,4.549606606077214,5.535845271393075,20.251609134499255,18.45260987342279,18.377089660262204,20.9399884496648,25.892645254008798,18.45260987342279,18.038482635232036
520,1,19.437074683543283,30.191270755256944,6.32918022295274,4.363341773543976,6.322882810981366,5.16408663189463,4.990008929387377,6.32918022295274,17.63699261291584,18.53289287797629,26.45857734607314,26.324324561515514,26.393474287160707,18.53289287797629,26.5786326210173
522,1,25.39398501919955,39.84196814290267,5.521876988216544,4.6122744922984,5.649464236981776,5.39516464865787,4.077637373139884,5.521876988216544,20.077003457330605,22.75373582611636,8.26267149891121,24.34879654862471,16.043847213788183,22.75373582611636,12.664127783974042
523,1,18.08220472034172,27.076507366176678,6.214262469904461,4.322746871242924,5.001812860676485,5.900942794858329,4.369108251389952,6.214262469904461,25.79032773939344,26.49056191330315,20.576762336231845,27.75080131998547,27.69495452744377,26.49056191330315,24.895848046757894
526,1,26.919530929048705,28.24005519942485,6.009556553381089,4.082703957504609,6.180689313687284,4.764109241696368,4.469449879475519,6.009556553381089,13.665938738019754,20.063621208468312,27.03457317085889,23.795064918204748,32.23838152979033,20.063621208468312,22.516569834769058
527,1,29.031009019073363,35.661875108836426,6.295810507108122,3.606689729936872,6.091487194450802,4.1558475604688905,3.9359018746353613,6.295810507108122,8.240270817058242,24.346284791150143,15.132299277431729,20.092319248456207,27.795715905123792,24.346284791150143,22.103333354382375
530,1,38.654984099441,35.13661457196039,5.385102025624345,3.853394253347721,5.830077218584127,4.32089084559101,4.6658397941248415,5.385102025624345,9.639299570715202,10.628219615021816,17.927482818162556,15.99169308109004,29.44062563969018,10.628219615021816,24.057015822573305
532,1,21.00230662019314,27.91089769631199,6.193438113480218,4.309259646708374,5.909563640408321,5.361642798424958,3.5065332866239096,6.193438113480218,19.716415369105228,18.99513228198021,26.604308110607413,23.55370618697277,21.235979566552135,18.99513228198021,30.787474364784853
539,1,21.33393492338433,28.979678590156315,5.192141870444722,4.953331338784633,4.515535301290209,6.489143551569751,4.413806625286621,5.192141870444722,33.07818590408229,21.53558141350515,17.414174511251925,28.62147786026906,26.04500269524866,21.53558141350515,26.59529821762682
540,1,33.45540059847704,28.62128994699689,5.485783220124821,4.087599741582247,5.686963213128717,4.927806514533214,4.152194235263401,5.485783220124821,15.252478915878998,11.97805593719012,25.620426739820328,22.99793922415446,33.57358725622018,11.97805593719012,29.013353437422484
541,1,28.612470123568066,21.504616298154904,6.412956608764625,3.1914187688816855,5.024171736620605,4.8296817235233584,4.878627830225812,6.412956608764625,14.295027421738576,26.39464346787314,26.820311901252545,24.299844919507585,21.70732598781655,26.39464346787314,33.62221615149218
542,1,26.85641703162092,37.535935890675724,6.744091339821102,3.187505595072151,6.17717179842584,3.7054050189031287,5.010829971133318,6.744091339821102,4.699228225315508,30.978121141439185,11.161215943536112,26.696100648842513,25.893718935956077,30.978121141439185,22.379584013481445
548,1,30.11083332236927,37.142227624619856,6.112937653305167,3.7627948634791775,6.222537663447427,4.116187559485845,4.518564758438729,6.112937653305167,7.912201896069051,23.57172272187165,14.259953584356555,25.06798810490908,19.401955009959263,23.57172272187165,32.28128620547696
550,1,20.47887236005311,19.17710746110797,5.769521019227397,4.449212735382953,4.251752595328106,6.349831329602836,3.9171398438729907,5.769521019227397,31.289559785608727,24.81014381629101,27.799783349139307,32.07827883052857,23.016910263014324,24.81014381629101,16.157241821125986
558,1,31.941530607680665,32.57015351197921,5.733954714326553,4.008380249618424,6.00157504433043,4.597904531964256,4.188272450296559,5.733954714326553,12.109927956260467,15.94477179710796,21.180108914774245,29.56556509940625,27.830477523258143,15.94477179710796,21.146468090847087
559,1,29.76225685156364,30.286005416422373,6.02583367497541,3.9654287107589368,6.493576837572139,4.338064001536501,4.763966142262813,6.02583367497541,9.788001152629889,13.630573761432458,28.096307403217544,29.214446184302822,22.38348182390895,13.630573761432458,24.26018114117511
560,1,28.007923597109837,32.0105353502957,5.392954337628657,4.424388406278714,5.085286452465061,5.575952290017387,4.540083209624474,5.392954337628657,22.060445811753155,22.791811443657302,15.135587806387342,23.279037789986546,23.85349657555533,22.791811443657302,23.8185754843723
561,1,27.433591017790828,29.43695842469006,5.973801670799612,4.033570317051691,5.781419331193559,4.958005393593599,4.3679557943659715,5.973801670799612,15.551019354106227,19.832560777841003,23.061524643931772,22.15467646837996,26.130859301436207,19.832560777841003,21.53413945807366
568,1,34.25605454463014,20.040703770427506,6.206702904913296,2.9055358524347663,4.988843206602982,4.484319677454826,4.429543367091542,6.206702904913296,11.078324840811572,24.714406739530087,28.608761674204658,25.511314840694553,24.39744994218932,24.714406739530087,27.363587585980728
569,1,28.42791624812609,24.668003777334494,5.6311558409865885,4.251041570437729,5.4654408119545685,5.406196673143115,5.418925865622269,5.6311558409865885,20.196164339906698,14.851960972793165,29.047132243218314,25.043350026460722,23.53841078282036,14.851960972793165,23.339546933541236
575,1,16.045834853671806,34.83677699176641,4.533187272040854,5.822215505580208,5.515287286059941,6.890331195618258,5.04363650150816,4.533187272040854,38.445865856513144,14.627187487854709,17.862198920273023,27.200838738587727,23.134565745905714,14.627187487854709,29.028561488591237
576,1,14.623611139774535,32.430300814777034,6.3505295558485715,4.637182169846949,6.00561590424848,5.705866909184972,4.961732140045711,6.3505295558485715,23.52611905653508,19.824320256522874,21.605751114347058,24.102769959014722,29.644176705604757,19.824320256522874,22.471798461306932
577,1,22.0990276626407,35.3136671715105,6.13764885538604,4.350319795412749,6.075680087963336,5.130150666337952,3.246253846784959,6.13764885538604,17.28764773053075,19.56322225080013,17.733380429576506,22.17528633292884,21.328480718014763,19.56322225080013,26.350545431785676
578,1,15.019121635092878,29.071200289104908,6.345314995717785,4.750330430904083,6.8200233707070685,5.373743096498562,2.9821297377625675,6.345314995717785,19.846316738368973,13.281225905648274,33.320959186436106,20.085204862674235,22.48854324937956,13.281225905648274,27.70299249941158
583,1,26.10431939859987,29.7694326462624,6.321024859136517,3.777190163838545,5.966996131657252,4.646778112257189,4.553561038541047,6.321024859136517,12.561748695755501,22.374262047165374,22.918631138883487,27.134398772077244,33.059004605857,22.374262047165374,25.3039012971365
587,1,18.283715482953653,33.42294650042531,5.699552419812409,5.1103317689318475,6.711326315803475,5.619556967793656,3.346173819489033,5.699552419812409,22.548622385481238,10.030335305488421,27.90257457584291,22.222443016978172,28.501840314673068,10.030335305488421,22.817169257845418
591,1,29.249422010829246,34.91196337584741,5.582130977920863,4.12655052920279,5.067608000501879,5.196277964553564,5.185097745694646,5.582130977920863,17.970506556107953,30.27838291552156,8.749749184900375,25.50163899582804,27.437848125117345,30.27838291552156,28.57924671508007
597,1,33.278122013544184,29.715239257182407,4.56790515952663,4.592964538747252,4.188113563390369,5.987537115710386,3.893549154868045,4.56790515952663,26.819802583212457,20.293172057244007,14.441100735823023,27.25701717144134,25.67681215813236,20.293172057244007,30.95277357345369
599,1,30.01987808485886,27.926248496574605,5.54762344937931,4.2367555378392945,5.580983756861842,5.212981177462396,3.758525970367288,5.54762344937931,18.14437462778024,15.852917447131007,25.032882964899038,28.586745497106385,30.070062350473936,15.852917447131007,20.80083253884087
600,1,22.19930746098818,36.91145282938082,5.996283652413218,4.40252112968368,5.732699710990307,5.313162536635862,4.611599041649271,5.996283652413218,19.19889801191384,24.392798045248185,12.148536462598983,20.458793159645,18.846547323796848,24.392798045248185,24.038632077886103
602,1,35.4802755081859,38.7562608615616,6.188238659922685,3.3565002536824777,6.521390049745949,3.2510983322920537,3.9649315503586613,6.188238659922685,1.5388422374351851,15.056557157288914,16.161785332327316,25.82692316083972,22.608089988633836,15.056557157288914,28.49434437469879
603,1,11.65822185758547,30.74207357779645,5.749494141361326,5.218306792617907,5.318112301337525,6.606792810027164,3.9942465527065343,5.749494141361326,34.61891310582964,22.176906763058724,19.683152504916794,24.951604940553473,19.24004873666064,22.176906763058724,19.17489582687886
606,1,25.55668775502122,31.450936134176374,6.355276569721702,3.7602551342481885,5.944465796506336,4.6042777393422565,4.462462740273166,6.355276569721702,12.16857537220565,25.84188611462529,19.560274648058773,24.999928381751218,25.076745761219073,25.84188611462529,26.905791555256393
610,1,25.58442774346866,30.36528333919741,6.852485966366673,3.306566929761724,6.601787833193252,3.78970975651455,3.031090227913632,6.852485966366673,5.331101909824582,18.662246426489418,27.14024043029568,25.2753552642104,23.083945014574066,18.662246426489418,23.95310539180112
613,1,23.44095928378851,29.759079971829454,5.278440709536158,4.822260707548803,5.092319576386281,6.079042415807417,4.23234105510383,5.278440709536158,27.92395856438869,20.672730596001706,19.26280020235785,20.93551746187625,19.792191941573144,20.672730596001706,28.613407479208707
614,1,38.14577326758178,29.67939915402074,6.246799234541584,2.6680459436717663,5.792797305453384,3.3241090432307474,4.667529097974897,6.246799234541584,2.018902802491449,24.041779707192475,20.3091814130753,28.975417416195903,20.374533724579393,24.041779707192475,25.223840666785613
615,1,32.01756812771622,31.61008728077912,5.627121202595577,3.993611463406126,5.387886486543157,4.978192899806203,3.7112985948484285,5.627121202595577,15.751606418883906,18.33523584510847,18.14821623621856,25.572578104945475,17.91991322733461,18.33523584510847,34.95643519542368
622,1,22.324941751098834,36.98450600211019,5.76258597674879,4.793904701108881,6.5994693886440405,5.1901669035481985,3.567217789405714,5.76258597674879,17.907034357890108,12.955354482759788,21.167132664686406,21.72875850972777,32.38612975391576,12.955354482759788,25.780305174345457
624,1,10.953319717117145,40.77737540951446,5.462467795799597,5.678720611741135,6.46700819134586,6.363898792530764,3.6048119253056843,5.462467795799597,31.46840971277753,14.316130689592832,16.196705046904768,23.319812505736408,26.778538331239158,14.316130689592832,23.954927875445946
627,1,33.38290825615939,32.04394163561319,5.292661274766146,4.187384624215921,5.271684749118466,5.1519044778014464,4.576262703692563,5.292661274766146,17.51132161959361,17.392431785026155,17.255082925597343,27.115870900855185,19.14674937342894,17.392431785026155,24.89759352870189
628,1,32.350386039170054,27.4017312225643,5.30835030535334,4.277317994764539,5.439369048224317,5.2824512445150775,4.515840726221302,5.30835030535334,18.87349302188191,12.750805911652716,25.74638229678169,24.647420361543535,25.766030865415424,12.750805911652716,26.369290639013702
629,1,18.49265467881205,40.710050641717785,6.141925108598946,4.628948865973829,6.16764141449415,5.334934457120176,4.2055029655102,6.141925108598946,19.43072753297116,21.146545207841186,11.155610111647594,20.07783981498521,33.052037968645806,21.146545207841186,24.592647527584003
636,1,26.63206518426214,41.87853270241608,6.714279267963834,3.343802350591853,6.5665118011166825,3.348400908495405,3.9145129455830436,6.714279267963834,2.180990515215866,32.49532331041955,7.627422252490064,30.792628686849884,26.868514814158875,32.49532331041955,18.05267848101156
639,1,21.794111528948857,30.485308109994016,5.081511308879628,4.961618812601856,4.259852579136834,6.529407054549312,3.9987000943150828,5.081511308879628,33.60235835520133,25.357533655818262,13.126916571464452,21.52555496948588,18.51979240070517,25.357533655818262,20.415247152445566
646,1,32.89823373893731,37.15635409510636,6.061442181252496,3.57438851268903,5.926566603971104,4.110917282708179,3.406048338601477,6.061442181252496,7.868842776471812,19.856369452934416,13.287422983478766,16.18592934067565,24.755095237788524,19.856369452934416,24.86208203058279
659,1,33.10782472424145,32.18206783240182,4.669490881213451,4.59654192556016,4.8408183228919315,5.664188346385898,3.3310894352590816,4.669490881213451,23.052231494536827,22.2969014079349,13.616317669094107,31.35500294037903,26.294492622828564,22.2969014079349,20.819100358947715
661,1,27.16964571766576,29.787773257603938,5.750847051879591,4.261736911048467,5.821439659564924,5.108597994725581,5.409207411025789,5.750847051879591,17.066975342917235,21.153844707370215,22.572719469612657,18.909624847202984,19.540541509828635,21.153844707370215,31.08687704856208
662,1,28.418878292944967,37.74650123024435,6.781857868613557,3.0203934889856843,6.170799044522368,3.537515599649491,4.211236449038614,6.781857868613557,3.4832184889665108,27.170707723547505,11.841655090341092,29.028513119124696,27.926243996622535,27.170707723547505,22.83233386706309
663,1,33.83750663244935,33.726709120539674,5.583468763749511,4.051865094797624,6.120447990882576,4.476619075673672,3.9769082220828142,5.583468763749511,11.009320219888414,13.45522824251944,21.063441675834813,18.831939759943527,20.55863917107245,13.45522824251944,27.53250024622435
664,1,27.616259246194154,49.22197827920452,6.255082151149773,4.109550238788161,7.1191920130462405,3.567025677248472,4.015616445578581,6.255082151149773,3.692874053352937,15.928677384644502,7.203972701473996,24.18291347943296,21.3159664060391,15.928677384644502,28.638615733437817
667,1,25.97238044476857,37.66371480325645,6.601780583131404,3.4827209168050857,6.275014547162235,3.915661782870621,4.527984721125858,6.601780583131404,6.301609069036543,30.683038984676298,11.87940562460724,34.29286397859991,20.77271610081037,30.683038984676298,22.856103529698707
668,1,32.66325391240148,45.87657999695718,6.085529608473236,3.5830780673086076,6.2506533601745895,3.517113400689481,4.800579377983986,6.085529608473236,3.3392885445125398,30.591014064989366,0.666797819939684,22.5973888307352,23.836363368040825,30.591014064989366,25.206221114634207
669,1,26.298973736236157,26.83923782392349,5.766292067520318,4.227257340895653,5.379435549561735,5.408534505162618,3.7960194445002995,5.766292067520318,20.22144736473766,22.195804879984106,23.627690955599235,26.340786976597258,20.021820313729606,22.195804879984106,19.437052907600552
671,1,25.689175772500782,41.408010192345834,5.21709817912931,4.925863187101532,6.068736088282436,5.436195601549205,4.8321223340101245,5.21709817912931,20.521424489505932,16.875599816688183,10.664858580434986,22.628600674809945,16.00810985134636,16.875599816688183,22.03323609906159
682,1,14.137171055807404,35.95945134372044,5.6244854259687385,5.239129431037591,5.646655187630059,6.349224949783434,3.9547612616807917,5.6244854259687385,31.281859334155456,19.967188180201713,15.23333894763298,25.744764210805027,26.078881806031365,19.967188180201713,26.063657793737036
687,1,32.00470925784127,31.686272396271082,6.163296438890402,3.531179549272351,6.123071837875899,4.075253370568282,2.072053769872217,6.163296438890402,7.576891905531154,18.935612502674,21.945312420985033,29.554644361656717,19.776955845799304,18.935612502674,22.405683335315665
688,1,30.513572758931637,36.55787369757538,6.152621108927959,3.667462505474671,6.059926461696841,4.1743072152169765,2.9145581432456944,6.152621108927959,8.39404259821552,22.27772731937998,14.332880398877377,26.497381041085504,17.207661436165445,22.27772731937998,25.16494604202157
700,1,12.42790159598485,32.584529622046446,6.2573758813353635,4.806725699022919,5.612911927818833,6.105343729623141,4.491664820640358,6.2573758813353635,28.244423928051617,21.58610733810717,18.787803475907083,22.560025043281556,25.316929751168868,21.58610733810717,30.39186966741037
701,1,26.251428319833046,37.05166404363873,6.622845171836707,3.3350479909940303,5.864526433235893,4.110930518559968,4.102651260352493,6.622845171836707,7.868951599630738,32.63976172611663,9.475298468314735,26.566122925445864,25.343977315922317,32.63976172611663,31.025386566542693
704,1,20.77727548431796,35.75191939031991,6.011577555975967,4.4539578308530245,5.416371178696378,5.611475781935631,3.9693596232730375,6.011577555975967,22.457862322453117,22.988761858159783,12.413437348982548,32.27959722147225,21.37025761752436,22.988761858159783,23.95703653233563
709,1,26.660461872229405,32.006416294795955,6.534020688052697,3.6509440402052156,6.780112665216239,3.814963686164547,3.410426977213967,6.534020688052697,5.523149797957203,20.44052001064289,25.753572863816217,36.98356480147228,29.520367875348484,20.44052001064289,24.135975073832117
710,1,32.36272809833241,28.627366916923243,5.87631480545483,3.8792452723293485,6.1531564265754595,4.491764649099594,3.8469639877556774,5.87631480545483,11.145151534103821,10.225411743116306,28.90894854314462,30.946136710682776,16.774547839313485,10.225411743116306,23.124269762366847
711,1,27.76228946545725,28.510824601159225,5.570355188850968,4.306468386430786,5.376308200864944,5.395471223383884,3.2222099042674572,5.570355188850968,20.0803115935666,22.25754977136382,21.36264625258953,19.528203534167453,24.862658698307357,22.25754977136382,22.892432996423963
714,1,33.339398245445864,39.252850730919995,6.026463033475289,3.6454552483731275,6.29427708560331,3.7879289641086773,4.289716442873263,6.026463033475289,5.3176077083364515,20.486122890442577,12.645452777675207,21.792678968751673,20.667849642706035,20.486122890442577,29.59674766613216
717,1,13.046765624886905,35.82653390054276,5.392178432517506,5.47212498976225,5.6835906238816065,6.561968258090199,4.258998553456776,5.392178432517506,34.02862929138634,19.02881274033113,16.126592171737876,22.033602595847007,21.9123604359048,19.02881274033113,25.558134551323537
721,1,28.52489535088168,29.48448624789577,5.314083035005046,4.359306411241885,4.489044254180469,5.806934911414353,3.294982522340161,5.314083035005046,24.689694936605832,24.673671988530863,14.897428629793676,31.32583213041577,16.983536869449473,24.673671988530863,18.99699658008724
729,1,27.63528095776698,36.53728066971173,6.766605588927626,3.4055328145821684,7.262367182518975,2.840688248342625,4.237347342312589,6.766605588927626,-0.9612884045250958,19.71604626249245,23.327969401914423,25.61739659239597,14.047497882297781,19.71604626249245,23.665045638623297
736,1,34.16530863780228,32.43325828074618,4.966025082126986,4.274959029840002,4.451467628060809,5.560196324980704,4.587428590946024,4.966025082126986,21.884985043531945,21.54245024336573,11.43801488601987,21.771669049258083,26.27944343321981,21.54245024336573,27.01377486433959
738,1,36.37047682959284,43.266147369669845,5.390493693780085,4.14230129222028,6.474403780461514,3.959836098490776,3.380463036944279,5.390493693780085,6.649503798113667,14.632579951972623,10.406962297118652,33.42521187859617,28.146919636995975,14.632579951972623,24.51406900338313
739,1,28.49205511832345,28.277219033114207,5.825521772062536,4.115865011051186,5.894999211190739,4.942643492604508,4.599335021720883,5.825521772062536,15.398926566188699,18.565794320690493,25.61058909493562,28.650718334323063,38.5319091331497,18.565794320690493,27.027637571179607
746,1,26.043650027570582,30.413737995232033,6.049637306767886,4.128708132732111,6.055381611173821,4.913503797773577,4.813372920129905,6.049637306767886,15.111721441938384,17.496978547742263,24.274406109838132,19.49445058475913,25.760793117070154,17.496978547742263,26.736114684070145
747,1,29.580104242527227,32.64542488836722,6.12815349402396,3.657491612659739,5.535045502454558,4.6513911459761195,4.509776643142175,6.12815349402396,12.604641464068052,23.011342941441235,16.181211077167738,25.607563543488624,20.809802066197864,23.011342941441235,31.191347616884677
750,1,36.532379679899655,32.53848196280547,4.86901595793324,4.431350154210874,5.872304468583806,4.934360728279129,2.785519999520452,4.86901595793324,15.317117667986352,10.417325457989847,22.06307252847943,20.961328979421513,22.217567250594254,10.417325457989847,32.58343320471602
752,1,23.45439914821447,41.49369709601915,6.227542857623259,4.189161526314771,6.107306441197133,4.793979503390449,4.385600644586589,6.227542857623259,13.951441350130745,22.089782884773417,8.925371666669918,24.432436148185793,26.629858785192788,22.089782884773417,22.071108674539634
756,1,28.9812236355051,30.642322699885717,6.508661104451105,3.5302226524179803,6.667406090384049,3.8337983144551977,4.201321398213206,6.508661104451105,5.6672113871225305,12.387826999865371,29.01311270967885,25.351377657329,17.5423309058368,12.387826999865371,31.27528136260519
758,1,22.27199436695627,26.423062659768995,6.741618237238187,3.6954017373188375,6.5083268076248215,4.426976369777437,4.272667194453406,6.741618237238187,10.56732164977083,18.681304888199627,32.031377284556065,26.321656160383505,29.43760303303961,18.681304888199627,28.812067444617302
766,1,38.16628859302437,32.896153175604866,6.733497847270342,2.2668053741416387,7.094149483409317,0.0,4.245363840413924,6.733497847270342,-9.030798128796986,16.882404975302943,26.669669889569604,24.0946654196112,26.76055918630255,16.882404975302943,20.829253491862474
768,1,28.249957416013203,37.288781573226345,6.564542523409053,3.509373148339721,6.87291196285098,3.3378771913657914,4.7742260865723605,6.564542523409053,2.110626015842998,23.018983800106643,18.557668538264725,19.200229630460043,21.17518915227009,23.018983800106643,24.40333151112311
771,1,20.19762217383998,40.01831773575154,5.2700505557826975,5.2203832956720735,6.0979505831122935,5.880477088643413,4.665944095573922,5.2700505557826975,25.549212661263123,16.79021860696847,13.20712473490609,23.53547747891835,21.620725441975157,16.79021860696847,31.950053853425775
772,1,30.77180263322984,25.641406179312266,4.49857241379027,4.873836030408033,4.9665408099900255,6.03855126115996,4.743868543101586,4.49857241379027,27.433303204859563,16.90157128835202,24.72508761925795,24.94855198261536,30.330484894083085,16.90157128835202,25.440216539048865
775,1,1.5130235472523168,38.21039737339474,4.8911053513831595,6.363007005081102,5.395048372492764,7.697825810029157,3.5248108716181092,4.8911053513831595,50.22572407275405,17.611903225090636,13.184292053020004,22.88007321749381,27.828552808422344,17.611903225090636,20.670242771263695
780,1,30.8254687740271,34.68984045746673,5.749203082929825,4.0601843881343855,6.0917202101104175,4.52591551608873,3.982709984012236,5.749203082929825,11.453113129975733,21.316679594785736,17.43016032675762,25.05286120786606,21.194552892740838,21.316679594785736,32.08719632708606
781,1,29.530758131720436,35.29627108332661,6.488543640434058,3.3524309359729485,6.143515552104837,3.90805241039994,4.629746302829278,6.488543640434058,6.242075513635794,22.110708784202103,16.470014784580545,35.95653199018676,22.0670076151338,22.110708784202103,23.088630674779388
783,1,24.958388058344475,37.608603544683206,6.860698712239314,3.335227477160795,6.765784677792235,3.3673176851675777,4.9089089707752125,6.860698712239314,2.3080302640453487,29.173037224188946,15.65710558390711,20.40593676394003,20.41627083935729,29.173037224188946,33.32105118605667
786,1,28.227890017971294,35.55620252633904,6.417761993779665,3.695028161045051,6.870258624323591,3.6018248985903094,4.453591241861796,6.417761993779665,3.9423444713081057,20.97816262361571,21.50538499385111,18.155286221130503,27.775312532818127,20.97816262361571,26.882935648168008
787,1,13.562824420255218,43.55521232150211,4.775518771409848,5.845279304706221,5.5685275123053035,6.8178633913048285,4.799716227344842,4.775518771409848,37.45246309369759,18.948706099766365,5.636385990933237,25.945372716637017,25.758327841877268,18.948706099766365,27.06732316842907
797,1,12.928876818542916,33.34598944891694,5.56703916380319,5.358326452881665,5.726726035300922,6.4911180154265375,2.8975867645347124,5.56703916380319,33.10381496139796,17.915413670522163,19.882819516173992,20.564138453693978,27.348624414223227,17.915413670522163,39.214737455222405
799,1,19.1220292567941,25.018309296512964,5.698301839639678,4.652945025761906,4.439131547245779,6.384385898535499,5.078138639250321,5.698301839639678,31.729585172621945,25.15036168103815,21.09600035885417,21.076686448737483,24.05497732398182,25.15036168103815,22.582108746618562
805,1,31.757269780464952,35.87046428675401,5.98823747861844,3.664104878959944,5.526348249060287,4.528901696236935,4.4398354214104785,5.98823747861844,11.480152445380796,21.863753928634505,12.140563669001569,20.354113555452944,22.495796187234834,21.863753928634505,22.73683385031566
812,1,26.124239520474287,32.127256732779315,5.871935310258652,3.9898963917077404,4.547231551153827,5.4816601081298115,4.480928199170641,5.871935310258652,21.01779941226475,32.78746935847253,9.20535599515076,20.938281071251325,21.120125439320173,32.78746935847253,19.986199889243508
813,1,31.335900712888787,33.83871714879651,6.211499560017533,3.7367175493459817,6.86624242312718,3.6406912359235326,3.761593742527403,6.211499560017533,4.223834546533434,12.699491262994993,26.061769086353664,24.937571845637365,23.72440138106044,12.699491262994993,24.39661461214265
818,1,25.00321097028077,27.937368708754732,5.710250664161884,4.371048913731386,5.230082831306865,5.6368149238926915,4.037603510803449,5.710250664161884,22.742884357422387,20.942523848226053,21.926384607711157,24.50278758628923,28.758822533004434,20.942523848226053,23.329004590033282
820,1,25.699511929445645,24.73826543690313,6.216270692722722,3.790862330424568,5.333801672568137,5.151511951486087,4.769921026675701,6.216270692722722,17.507277257507006,23.276233089550136,25.61226539362807,20.37227749719031,21.2160301349152,23.276233089550136,19.41163301241501
821,1,28.234510028902587,31.946396202047374,6.346667420980427,3.871508356174006,7.200647240511918,3.605326672776239,3.3906504965877953,6.346667420980427,3.967582288634799,13.998285654125304,30.779026690300995,20.67873885861978,20.60783804643434,13.998285654125304,22.844550946322443
823,1,26.867821824712777,33.843945032215004,6.194908640171197,3.883014162578677,6.122712858434658,4.48669652813283,4.003970964571547,6.194908640171197,11.099647606762202,25.059240416094255,17.744187034333127,26.482280807074158,18.56586682098677,25.059240416094255,26.26567896507766
824,1,21.63601018246861,36.50159367592438,4.884309979130405,5.26345358404215,5.225828954772996,6.349131692913344,3.517271676813021,4.884309979130405,31.280675125159682,18.96615460566123,12.065715227456613,25.887030249493982,25.243513268403788,18.96615460566123,22.29097407396594
827,1,6.546140281045427,40.95900818238749,5.483683062891984,5.771937674093737,5.481055904993983,7.008591584297314,4.9346882420143565,5.483683062891984,40.089557866686135,19.943672332499396,8.60774076746135,25.333018047988297,36.02314256844443,19.943672332499396,27.514269477857557
832,1,28.675027779561006,28.818481253937712,5.942516638148945,3.9144806475520646,5.479947084043685,5.006743867763952,4.1790487172097865,5.942516638148945,16.03668602859496,20.831660522442167,21.70763572511811,27.69616185831323,27.38021428630919,20.831660522442167,20.179518039253637
841,1,27.086954429384438,32.42252170200928,5.017984014856134,4.936358013826119,5.929137831970112,5.649056390563835,5.237290642100087,5.017984014856134,22.88103997497312,13.045828802611599,22.62892754578214,21.609538964929076,24.311386463348427,13.045828802611599,30.266389988921297
844,1,30.651277091223797,35.405402721505,5.620870725181876,4.111994168509643,5.590295513145347,4.886410768136416,4.712174618728192,5.620870725181876,14.846212066162535,23.44968770369972,12.912502347857519,26.691949001692624,20.10133157632799,23.44968770369972,23.038450352130624
846,1,24.801065535676763,37.83990978101461,6.532164739101915,3.5161197456907423,5.589859030277627,4.470189262810915,4.680133241459096,6.532164739101915,10.951793916553003,35.56073264901141,6.12886609149208,26.66067676055392,30.055449972294312,35.56073264901141,38.75300808866601
847,1,22.469612382619943,27.7340943397126,5.681045337040964,4.508229817918322,4.874695341715489,5.968617543729752,4.490650858445308,5.681045337040964,26.593597254521594,24.08693667659874,19.645371252273016,25.689074236828038,19.869240446793675,24.08693667659874,27.352052231869457
848,1,28.099054601771243,36.87905330446509,5.806379037690023,4.133384599495623,5.944858516865125,4.675947801182894,4.042822047496111,5.806379037690023,12.833689710590157,29.8205530508433,11.297927754959435,25.55585878115163,19.411268571592082,29.8205530508433,21.189219749401612
849,1,21.20499189943451,36.61379945011302,5.4694244312609035,5.071545215797754,6.510044326224883,5.541517072472687,4.1210755380296185,5.4694244312609035,21.677613335709275,13.483547909367651,21.13531984504413,21.985280726927407,25.094409037482954,13.483547909367651,19.35218336702167
855,1,29.888600037313616,33.81271046387778,5.14378595191645,4.448271329968654,5.057452738120256,5.459484831169442,5.200322563930171,5.14378595191645,20.775176492972246,29.371072593390288,10.541544091794409,20.496402315401845,28.289215050418797,29.371072593390288,22.622547852904514
856,1,30.604174141850624,26.990411804541562,5.394441011979807,4.289935730050626,5.415153829555819,5.333440660072549,3.943909729670454,5.394441011979807,19.414791145718123,17.062625985345598,24.95469059468066,22.311286658369625,24.26473549551309,17.062625985345598,24.652020127053103
857,1,13.426949685664853,38.04281861073101,6.348964004949312,4.903134845999863,6.851569694039382,5.400683981244292,5.040228699084228,6.348964004949312,20.13658933647171,13.759980360710937,21.871241820826004,18.518937327853887,20.465875689528094,13.759980360710937,22.035191406302886
864,1,34.36155676702407,40.46941364638572,5.801798625166206,3.7393598303050597,5.916655324170761,4.107475214485896,4.805820341955178,5.801798625166206,7.8405545088189665,21.799513663858548,8.29913425846496,29.73842857339101,20.755153524395208,21.799513663858548,26.558949513668836
865,1,24.052148540466575,27.632921912335732,5.831605620317254,4.40790306786568,5.697616524692437,5.473916710864772,4.59036440248673,5.831605620317254,20.93296602868762,17.98787608784143,25.891995784681626,24.799707906414973,18.383673030649994,17.98787608784143,25.857516233746356
866,1,28.12492979428471,31.25285596069866,6.035182413538398,3.9245108048240414,5.955476163781358,4.658643716019341,4.457701459716827,6.035182413538398,12.672163144009511,23.24539277899578,20.595685335817073,24.16231066367505,19.5668734887168,23.24539277899578,25.798881864349017
876,1,29.803650306499343,32.924751089954924,5.680550163395338,4.2054296191189655,6.148009051471747,4.696823639891495,3.500886180341804,5.680550163395338,13.029354175446603,20.253603758260688,20.54421038551769,21.857060267044726,27.02252048505762,20.253603758260688,26.89133899819225
877,1,32.302674950441144,35.0985495489498,6.004209527408011,3.80251329268516,6.474367367866637,3.9761240419373847,4.358328802091081,6.004209527408011,6.778764268075501,15.304621195601689,20.94494700681391,22.20551164969566,28.240261157255134,15.304621195601689,21.331380595297652
878,1,29.550724436126337,23.92278946490094,5.3806326040987305,4.46772845864998,5.917732384644671,5.3234544668114365,4.402914822635082,5.3806326040987305,19.30836933141765,10.858177613634762,33.895018662316005,22.986834968140634,30.39519224725207,10.858177613634762,23.329230406425616
880,1,29.648212820227435,28.808659467692635,5.433570870955417,4.149965074661747,4.4053214908681495,5.649173301205913,3.9307335486744766,5.433570870955417,22.88236085826073,26.259801125632332,14.740543766443363,21.183959281232248,26.97055476771113,26.259801125632332,17.182143925715106
889,1,28.81963923624752,31.20953326267302,6.23487691376213,3.7825453750729077,6.340475379194909,4.302360050436166,4.033022458135283,6.23487691376213,9.479503874792105,15.64902061139065,25.249581027516975,20.870330460088145,27.327633913021522,15.64902061139065,20.44013081026406
893,1,21.027608528027972,28.542171397931423,6.152360742125988,4.207791019863216,5.178612085889948,5.623737259276176,3.0020146771414775,6.152360742125988,22.595622632574127,25.44338897110949,19.6537993290925,25.919166309352512,26.994835498806076,25.44338897110949,29.02982299181421
897,1,30.18659867427596,23.885584147557065,5.489498149384537,4.199594415001405,5.037104469925859,5.554632354385518,4.135696386176921,5.489498149384537,21.82314246358942,13.911037053238807,27.936277807251066,21.38991106622897,14.229345881571017,13.911037053238807,27.290705189570666
901,1,28.39058184827109,33.78189039445199,5.656477752559872,4.168996055941222,5.388302561542072,5.116498890923751,4.685131363317128,5.656477752559872,17.147762772026983,28.46224058009809,12.552621557335438,24.98257602339027,24.968044648125677,28.46224058009809,25.098626481565304
902,1,27.629296842571897,33.0489071941953,6.144372501558465,3.6933617144338564,5.07592900960294,4.972873834617719,4.9152314009955695,6.144372501558465,15.698676046228549,28.25824529089171,11.724822267946308,32.881969185002816,35.055541204810616,28.25824529089171,32.88577606644687
907,1,11.305977471638258,35.24783155732511,5.0412701118375,5.779547667906059,5.517007156409332,6.958453835721738,4.072036050701162,5.0412701118375,39.389281655073574,17.221345790146657,16.805960667294112,31.960309158394633,23.13973746834175,17.221345790146657,24.37714771109754
908,1,24.023955721976485,31.11470487617411,5.7556881315690385,4.5091851760951815,5.840466301822955,5.412466177242401,4.757414890264153,5.7556881315690385,20.26399199099599,18.859222620741583,21.976836602413226,17.34293147698777,19.72390754163523,18.859222620741583,28.902230191995855
912,1,35.18577369329871,33.793722486037225,5.285883783714782,4.256946054525241,6.290007863677051,4.501556536861976,4.879254846494649,5.285883783714782,11.2332131257678,11.201917841521826,22.752242946479683,32.551456993355586,22.22347473578199,11.201917841521826,27.054793236355774
915,1,33.363371232671014,29.471562605707348,5.669538511207881,3.9213360321032025,5.663003542022092,4.792956112430336,4.090070272819669,5.669538511207881,13.941630166886338,12.435489310541978,24.155864887951065,25.58473046003055,29.349326632690207,12.435489310541978,20.133484903591953
917,1,30.216800542359042,27.633691622176563,5.587587344634246,4.103975357132153,5.075270617171507,5.368340860554735,3.129632907606673,5.587587344634246,19.788285466304565,18.082654123779253,21.92151399011521,21.8609118168687,35.7266038535326,18.082654123779253,25.11482152524193
918,1,1.549180649203219,31.563491809868594,5.341458545250203,5.999127796437127,4.754173560370398,7.679206806445296,3.5134141964773584,5.341458545250203,49.93941904735877,22.955482637856576,16.655341296031093,17.509711594451744,22.659310608033504,22.955482637856576,31.66402705698627
924,1,26.562532522425904,35.22934545047019,6.162473289657337,3.9921539418077447,6.4856017528901075,4.263074074382664,4.420048319101663,6.162473289657337,9.143002434876625,26.653254066405477,17.8465843860234,20.334085283501764,21.369418168765776,26.653254066405477,17.68764822453368
925,1,23.428023068722155,35.83091329418014,5.98150246874807,4.386971224471213,5.999334913759659,5.144219700304728,4.554099933663551,5.98150246874807,17.432198196206276,20.576342160806966,16.221733303947932,21.468693740556354,29.75404076688607,20.576342160806966,25.484393507861924
926,1,13.694715023215053,32.42426126410905,6.246796961928858,4.874398767502305,6.493270224752387,5.662801969912285,3.81048220008217,6.246796961928858,23.036528021645466,16.665883079974463,25.86366052373716,23.40350942070699,31.67973451422052,16.665883079974463,30.917366160384468
931,1,22.235121996044718,37.708068536313704,5.482093226860461,4.983591157052649,6.335702839558923,5.52354282242096,4.595450941675496,5.482093226860461,21.47872718232112,13.525102101242474,18.439238192938188,24.88607360150015,22.621771114682122,13.525102101242474,25.69695732421504
938,1,22.05493029036985,40.97319141396837,5.432524716436726,5.015549581563291,6.209069348131864,5.564701379196258,4.742357795898215,5.432524716436726,21.93510331083175,16.236596352439804,12.578322537191042,31.254801166637144,24.314800341765075,16.236596352439804,28.082729584440305
942,1,30.802279799760655,24.305579521840407,5.2524222881612745,4.507770297498911,5.922223500125419,5.329362840366359,4.2068438848716845,5.2524222881612745,19.3713101554808,8.165828752294683,34.185471609406946,18.498814160308253,26.7449216763824,8.165828752294683,27.578480325748927
944,1,15.957416409812135,27.547170387165444,5.809438265401172,4.810052603784777,4.777598194149351,6.417774563683491,4.229404803280938,5.809438265401172,32.157032221465826,25.911072593795538,19.433017463007687,31.19349047675965,28.520891940252092,25.911072593795538,25.43035704443198
945,1,16.168613978933987,36.805967098907885,4.839104037495529,5.6914352702759885,5.847406236050523,6.601373868432909,4.013542632420931,4.839104037495529,34.54733882203189,14.227339095790992,17.226588663971572,20.37357681384968,27.098913449056514,14.227339095790992,30.93363804487175
947,1,36.00968246291076,32.13375787067773,5.652811589571405,3.8355295044045588,6.090865896320592,4.2915024669178665,4.430201891378631,5.652811589571405,9.38619529476515,9.37630594455812,23.958389104911873,21.139236715621532,28.18534152010754,9.37630594455812,13.441014306441776
948,1,19.437588384835415,31.509921732732025,5.803465777494653,4.7851949994797724,5.839074731164168,5.794743596029753,4.335992960860676,5.803465777494653,24.54825521493085,17.800016049123236,22.214079686485864,28.003466038330966,27.579127791704494,17.800016049123236,30.803127118560308
949,1,31.217836597073685,30.02790688437999,5.610374945564342,4.186260662280041,6.029873271440126,4.829617015256027,4.8238925597791695,5.610374945564342,14.294402385253548,13.41146616954928,25.575930631775115,19.40516580845842,14.580959487040756,13.41146616954928,28.334049985166395
953,1,24.829734457299256,39.227511909031335,6.464159506560141,3.9893746165791026,6.878920539673764,4.034081277352142,4.553916245371679,6.464159506560141,7.243013623486099,16.20431149885156,18.570153716918803,19.9273018529783,26.90354499737941,16.20431149885156,21.905146772785113
956,1,30.038372166820558,40.38997350014682,6.415155952002358,3.3644021097950136,6.036211627609402,3.8048308921122325,3.640767843007496,6.415155952002358,5.445939988774581,27.895323035426447,7.375345849318817,16.944926015703526,25.93673580190974,27.895323035426447,24.294887148640445
960,1,29.871599117689577,26.572568552644302,5.379402327407459,4.238299321871919,4.6269480505026594,5.6931874583589215,3.8823628728212847,5.379402327407459,23.38158530721833,20.281641964516165,20.522770328952124,22.991796181475287,21.9186320154731,20.281641964516165,28.589076379489036
963,1,31.051965570682192,26.117758386047456,5.467331116895946,4.201315897347284,5.275678905681438,5.371721655589378,4.650143269930028,5.467331116895946,19.824595416330908,13.545318952178452,26.330107631092563,23.959647869812027,30.836641408897343,13.545318952178452,30.789011383158325
964,1,27.848937681244244,27.38870798329433,6.022261512730398,3.708522438466452,4.2502421826702275,5.5110105634842546,4.653045853542637,6.022261512730398,21.340439302038053,23.970905606024143,16.50033194724634,23.668422339204398,18.336456690593348,23.970905606024143,27.717093001171925
965,1,8.863457828978467,26.41892885994772,5.298478423999297,5.664033537621137,5.037510990163009,7.224238241993554,4.3914011178321415,5.298478423999297,43.15882004828513,18.074973294055706,25.570663796451324,16.757316884449097,23.330845968974337,18.074973294055706,33.70029241804698
969,1,31.002699940530576,34.39631757270282,6.529140307901304,3.3029541715423405,6.564418371309995,3.502139018067043,4.165150839193698,6.529140307901304,3.234179573070608,15.305360961864395,22.31476657683485,34.87812027289572,26.20368775489181,15.305360961864395,32.25313958199726
973,1,25.44530568696431,26.918188696294774,6.37512832261054,3.806522162570974,6.143864978199234,4.65516146601001,4.966736057501662,6.37512832261054,12.639730145827476,19.039319008729013,28.794390545854384,22.005129659998033,28.27436340727715,19.039319008729013,20.879572207360656
976,1,24.64065880976657,28.564574926263848,4.84423893593334,4.915937818369411,3.979935649344313,6.542001048547383,4.474723028026988,4.84423893593334,33.766979590398066,24.56114856586698,14.503666316906205,27.435052637836485,26.162421425893584,24.56114856586698,19.687700534822746
978,1,28.89177528351923,34.93257893968889,6.2912929080002264,3.595304474738942,5.877894219482304,4.345738151660926,3.953946709990441,6.2912929080002264,9.85464195400434,23.24556723968716,15.124109189425488,27.007698372893252,25.7023567030771,23.24556723968716,34.16509713605106
985,1,33.52183414152458,25.663967897260118,4.473381585157832,4.643309886678808,4.193929743998901,6.101675514767869,4.501981634628996,4.473381585157832,28.199645958720755,16.506065196733136,20.918346135292076,23.236339637707985,28.72653299444933,16.506065196733136,24.855987960435655
987,1,32.744031474445976,34.57795477989191,6.393711175393545,3.2618927157853794,6.464189285725042,3.4184033717878948,4.518548934895721,6.393711175393545,2.6546834834538613,18.904940949490555,20.199446786227377,27.063214015276888,31.011674498184128,18.904940949490555,24.405951535546805
992,1,27.2393180231748,26.93479076182752,5.280387953555282,4.561562140430073,5.2954004545778774,5.679770633827761,3.618853971510992,5.280387953555282,23.22899632409522,22.34755544980932,23.127967164899243,29.32110298769652,20.882642987025516,22.34755544980932,23.20147330020845
995,1,17.157977826865128,32.1949387213765,5.303949436258185,5.180076839826875,4.910607657449334,6.579426201462941,4.9780548186103415,5.303949436258185,34.258051011700076,22.055689432188508,15.347281004833171,28.667263911812242,29.46391572439763,22.055689432188508,34.80164628866974
997,1,28.017879258203948,29.969670478885423,6.437513434428318,3.690713453713104,6.788065982444909,3.8944417385878567,3.8380324519666025,6.437513434428318,6.1358783264582195,14.834017554051604,30.10423928990722,26.729200673601223,28.632219138905693,14.834017554051604,34.38079138670642
